{
  "Homepage" : {
    "transaction" : "Homepage",
    "sampleCount" : 200,
    "errorCount" : 0,
    "errorPct" : 0.0,
    "meanResTime" : 4933.735000000001,
    "medianResTime" : 4086.0,
    "minResTime" : 1118.0,
    "maxResTime" : 21775.0,
    "pct1ResTime" : 8854.1,
    "pct2ResTime" : 9648.349999999999,
    "pct3ResTime" : 21348.92,
    "throughput" : 9.137426900584796,
    "receivedKBytesPerSec" : 1070.738675301535,
    "sentKBytesPerSec" : 2.159430966739766
  },
  "Total" : {
    "transaction" : "Total",
    "sampleCount" : 600,
    "errorCount" : 0,
    "errorPct" : 0.0,
    "meanResTime" : 3288.841666666669,
    "medianResTime" : 1996.0,
    "minResTime" : 399.0,
    "maxResTime" : 21775.0,
    "pct1ResTime" : 7640.599999999999,
    "pct2ResTime" : 8925.149999999996,
    "pct3ResTime" : 20788.920000000056,
    "throughput" : 27.412280701754383,
    "receivedKBytesPerSec" : 2141.47735060307,
    "sentKBytesPerSec" : 4.318861933479532
  },
  "Homepage-1" : {
    "transaction" : "Homepage-1",
    "sampleCount" : 200,
    "errorCount" : 0,
    "errorPct" : 0.0,
    "meanResTime" : 4236.179999999999,
    "medianResTime" : 3402.0,
    "minResTime" : 597.0,
    "maxResTime" : 21232.0,
    "pct1ResTime" : 8221.0,
    "pct2ResTime" : 9047.0,
    "pct3ResTime" : 20922.3,
    "throughput" : 9.336632276737781,
    "receivedKBytesPerSec" : 1091.228015148686,
    "sentKBytesPerSec" : 1.121490009803464
  },
  "Homepage-0" : {
    "transaction" : "Homepage-0",
    "sampleCount" : 200,
    "errorCount" : 0,
    "errorPct" : 0.0,
    "meanResTime" : 696.6099999999999,
    "medianResTime" : 474.0,
    "minResTime" : 399.0,
    "maxResTime" : 2571.0,
    "pct1ResTime" : 1476.8,
    "pct2ResTime" : 1492.8,
    "pct3ResTime" : 2482.340000000006,
    "throughput" : 17.89549033643522,
    "receivedKBytesPerSec" : 5.470008276664281,
    "sentKBytesPerSec" : 2.079651709019327
  }
}